inf,nan,0.000000,nan,nan,nan
inf,nan,0.000000,nan,nan,nan
138.470195,19.827689,0.143120,19.310231,0.517458,0.003926
inf,nan,0.000000,nan,nan,nan
64.520070,16.093552,0.248608,15.611612,0.481941,0.007875
inf,nan,0.000000,nan,nan,nan
inf,nan,0.000000,nan,nan,nan
199.851914,20.505343,0.102279,20.192844,0.312499,0.001577
inf,nan,0.000000,nan,nan,nan
94.789251,14.923355,0.156987,14.296746,0.626609,0.006784
